<Anims>
 <anim name="BUILD_90s" root="sword" numframes="1000" framerate="40">
  <frame idx="0" w="130" h="374" x="-43.243244" y="-178.123535">
   <element name="sword" layername="sword" frame="0" z_index="1" m_a="0.469946" m_b="0.000000" m_c="0.000000" m_d="0.538099" m_tx="2.443500" m_ty="-2.032060"/>
  </frame>
  <frame idx="25" w="130" h="374" x="-43.243244" y="-178.123535">
   <element name="sword" layername="sword" frame="0" z_index="1" m_a="0.469946" m_b="0.000000" m_c="0.000000" m_d="0.538099" m_tx="2.443500" m_ty="-2.032060"/>
  </frame>
  <frame idx="50" w="130" h="374" x="-43.243244" y="-178.123535">
   <element name="sword" layername="sword" frame="0" z_index="1" m_a="0.469946" m_b="0.000000" m_c="0.000000" m_d="0.538099" m_tx="2.443500" m_ty="-2.032060"/>
  </frame>
  <frame idx="75" w="130" h="374" x="-43.243244" y="-178.123535">
   <element name="sword" layername="sword" frame="0" z_index="1" m_a="0.469946" m_b="0.000000" m_c="0.000000" m_d="0.538099" m_tx="2.443500" m_ty="-2.032060"/>
  </frame>
  <frame idx="100" w="130" h="374" x="-43.243244" y="-178.123535">
   <element name="sword" layername="sword" frame="0" z_index="1" m_a="0.469946" m_b="0.000000" m_c="0.000000" m_d="0.538099" m_tx="2.443500" m_ty="-2.032060"/>
  </frame>
  <frame idx="125" w="130" h="374" x="-43.243244" y="-178.123535">
   <element name="sword" layername="sword" frame="0" z_index="1" m_a="0.469946" m_b="0.000000" m_c="0.000000" m_d="0.538099" m_tx="2.443500" m_ty="-2.032060"/>
  </frame>
  <frame idx="150" w="130" h="374" x="-43.243244" y="-178.123535">
   <element name="sword" layername="sword" frame="0" z_index="1" m_a="0.469946" m_b="0.000000" m_c="0.000000" m_d="0.538099" m_tx="2.443500" m_ty="-2.032060"/>
  </frame>
  <frame idx="175" w="130" h="374" x="-43.243244" y="-178.123535">
   <element name="sword" layername="sword" frame="0" z_index="1" m_a="0.469946" m_b="0.000000" m_c="0.000000" m_d="0.538099" m_tx="2.443500" m_ty="-2.032060"/>
  </frame>
  <frame idx="200" w="130" h="374" x="-43.243244" y="-178.123535">
   <element name="sword" layername="sword" frame="0" z_index="1" m_a="0.469946" m_b="0.000000" m_c="0.000000" m_d="0.538099" m_tx="2.443500" m_ty="-2.032060"/>
  </frame>
  <frame idx="225" w="130" h="374" x="-43.243244" y="-178.123535">
   <element name="sword" layername="sword" frame="0" z_index="1" m_a="0.469946" m_b="0.000000" m_c="0.000000" m_d="0.538099" m_tx="2.443500" m_ty="-2.032060"/>
  </frame>
  <frame idx="250" w="130" h="374" x="-43.243244" y="-178.123535">
   <element name="sword" layername="sword" frame="0" z_index="1" m_a="0.469946" m_b="0.000000" m_c="0.000000" m_d="0.538099" m_tx="2.443500" m_ty="-2.032060"/>
  </frame>
  <frame idx="275" w="130" h="374" x="-43.243244" y="-178.123535">
   <element name="sword" layername="sword" frame="0" z_index="1" m_a="0.469946" m_b="0.000000" m_c="0.000000" m_d="0.538099" m_tx="2.443500" m_ty="-2.032060"/>
  </frame>
  <frame idx="300" w="130" h="374" x="-43.243244" y="-178.123535">
   <element name="sword" layername="sword" frame="0" z_index="1" m_a="0.469946" m_b="0.000000" m_c="0.000000" m_d="0.538099" m_tx="2.443500" m_ty="-2.032060"/>
  </frame>
  <frame idx="325" w="130" h="374" x="-43.243244" y="-178.123535">
   <element name="sword" layername="sword" frame="0" z_index="1" m_a="0.469946" m_b="0.000000" m_c="0.000000" m_d="0.538099" m_tx="2.443500" m_ty="-2.032060"/>
  </frame>
  <frame idx="350" w="130" h="374" x="-43.243244" y="-178.123535">
   <element name="sword" layername="sword" frame="0" z_index="1" m_a="0.469946" m_b="0.000000" m_c="0.000000" m_d="0.538099" m_tx="2.443500" m_ty="-2.032060"/>
  </frame>
  <frame idx="375" w="130" h="374" x="-43.243244" y="-178.123535">
   <element name="sword" layername="sword" frame="0" z_index="1" m_a="0.469946" m_b="0.000000" m_c="0.000000" m_d="0.538099" m_tx="2.443500" m_ty="-2.032060"/>
  </frame>
  <frame idx="400" w="130" h="374" x="-43.243244" y="-178.123535">
   <element name="sword" layername="sword" frame="0" z_index="1" m_a="0.469946" m_b="0.000000" m_c="0.000000" m_d="0.538099" m_tx="2.443500" m_ty="-2.032060"/>
  </frame>
  <frame idx="425" w="130" h="374" x="-43.243244" y="-178.123535">
   <element name="sword" layername="sword" frame="0" z_index="1" m_a="0.469946" m_b="0.000000" m_c="0.000000" m_d="0.538099" m_tx="2.443500" m_ty="-2.032060"/>
  </frame>
  <frame idx="450" w="130" h="374" x="-43.243244" y="-178.123535">
   <element name="sword" layername="sword" frame="0" z_index="1" m_a="0.469946" m_b="0.000000" m_c="0.000000" m_d="0.538099" m_tx="2.443500" m_ty="-2.032060"/>
  </frame>
  <frame idx="475" w="130" h="374" x="-43.243244" y="-178.123535">
   <element name="sword" layername="sword" frame="0" z_index="1" m_a="0.469946" m_b="0.000000" m_c="0.000000" m_d="0.538099" m_tx="2.443500" m_ty="-2.032060"/>
  </frame>
  <frame idx="500" w="130" h="374" x="-43.243244" y="-178.123535">
   <element name="sword" layername="sword" frame="0" z_index="1" m_a="0.469946" m_b="0.000000" m_c="0.000000" m_d="0.538099" m_tx="2.443500" m_ty="-2.032060"/>
  </frame>
  <frame idx="525" w="130" h="374" x="-43.243244" y="-178.123535">
   <element name="sword" layername="sword" frame="0" z_index="1" m_a="0.469946" m_b="0.000000" m_c="0.000000" m_d="0.538099" m_tx="2.443500" m_ty="-2.032060"/>
  </frame>
  <frame idx="550" w="130" h="374" x="-43.243244" y="-178.123535">
   <element name="sword" layername="sword" frame="0" z_index="1" m_a="0.469946" m_b="0.000000" m_c="0.000000" m_d="0.538099" m_tx="2.443500" m_ty="-2.032060"/>
  </frame>
  <frame idx="575" w="130" h="374" x="-43.243244" y="-178.123535">
   <element name="sword" layername="sword" frame="0" z_index="1" m_a="0.469946" m_b="0.000000" m_c="0.000000" m_d="0.538099" m_tx="2.443500" m_ty="-2.032060"/>
  </frame>
  <frame idx="600" w="130" h="374" x="-43.243244" y="-178.123535">
   <element name="sword" layername="sword" frame="0" z_index="1" m_a="0.469946" m_b="0.000000" m_c="0.000000" m_d="0.538099" m_tx="2.443500" m_ty="-2.032060"/>
  </frame>
  <frame idx="625" w="130" h="374" x="-43.243244" y="-178.123535">
   <element name="sword" layername="sword" frame="0" z_index="1" m_a="0.469946" m_b="0.000000" m_c="0.000000" m_d="0.538099" m_tx="2.443500" m_ty="-2.032060"/>
  </frame>
  <frame idx="650" w="130" h="374" x="-43.243244" y="-178.123535">
   <element name="sword" layername="sword" frame="0" z_index="1" m_a="0.469946" m_b="0.000000" m_c="0.000000" m_d="0.538099" m_tx="2.443500" m_ty="-2.032060"/>
  </frame>
  <frame idx="675" w="130" h="374" x="-43.243244" y="-178.123535">
   <element name="sword" layername="sword" frame="0" z_index="1" m_a="0.469946" m_b="0.000000" m_c="0.000000" m_d="0.538099" m_tx="2.443500" m_ty="-2.032060"/>
  </frame>
  <frame idx="700" w="130" h="374" x="-43.243244" y="-178.123535">
   <element name="sword" layername="sword" frame="0" z_index="1" m_a="0.469946" m_b="0.000000" m_c="0.000000" m_d="0.538099" m_tx="2.443500" m_ty="-2.032060"/>
  </frame>
  <frame idx="725" w="130" h="374" x="-43.243244" y="-178.123535">
   <element name="sword" layername="sword" frame="0" z_index="1" m_a="0.469946" m_b="0.000000" m_c="0.000000" m_d="0.538099" m_tx="2.443500" m_ty="-2.032060"/>
  </frame>
  <frame idx="750" w="130" h="374" x="-43.243244" y="-178.123535">
   <element name="sword" layername="sword" frame="0" z_index="1" m_a="0.469946" m_b="0.000000" m_c="0.000000" m_d="0.538099" m_tx="2.443500" m_ty="-2.032060"/>
  </frame>
  <frame idx="775" w="130" h="374" x="-43.243244" y="-178.123535">
   <element name="sword" layername="sword" frame="0" z_index="1" m_a="0.469946" m_b="0.000000" m_c="0.000000" m_d="0.538099" m_tx="2.443500" m_ty="-2.032060"/>
  </frame>
  <frame idx="800" w="130" h="374" x="-43.243244" y="-178.123535">
   <element name="sword" layername="sword" frame="0" z_index="1" m_a="0.469946" m_b="0.000000" m_c="0.000000" m_d="0.538099" m_tx="2.443500" m_ty="-2.032060"/>
  </frame>
  <frame idx="825" w="130" h="374" x="-43.243244" y="-178.123535">
   <element name="sword" layername="sword" frame="0" z_index="1" m_a="0.469946" m_b="0.000000" m_c="0.000000" m_d="0.538099" m_tx="2.443500" m_ty="-2.032060"/>
  </frame>
  <frame idx="850" w="130" h="374" x="-43.243244" y="-178.123535">
   <element name="sword" layername="sword" frame="0" z_index="1" m_a="0.469946" m_b="0.000000" m_c="0.000000" m_d="0.538099" m_tx="2.443500" m_ty="-2.032060"/>
  </frame>
  <frame idx="875" w="130" h="374" x="-43.243244" y="-178.123535">
   <element name="sword" layername="sword" frame="0" z_index="1" m_a="0.469946" m_b="0.000000" m_c="0.000000" m_d="0.538099" m_tx="2.443500" m_ty="-2.032060"/>
  </frame>
  <frame idx="900" w="130" h="374" x="-43.243244" y="-178.123535">
   <element name="sword" layername="sword" frame="0" z_index="1" m_a="0.469946" m_b="0.000000" m_c="0.000000" m_d="0.538099" m_tx="2.443500" m_ty="-2.032060"/>
  </frame>
  <frame idx="925" w="130" h="374" x="-43.243244" y="-178.123535">
   <element name="sword" layername="sword" frame="0" z_index="1" m_a="0.469946" m_b="0.000000" m_c="0.000000" m_d="0.538099" m_tx="2.443500" m_ty="-2.032060"/>
  </frame>
  <frame idx="950" w="130" h="374" x="-43.243244" y="-178.123535">
   <element name="sword" layername="sword" frame="0" z_index="1" m_a="0.469946" m_b="0.000000" m_c="0.000000" m_d="0.538099" m_tx="2.443500" m_ty="-2.032060"/>
  </frame>
  <frame idx="975" w="130" h="374" x="-43.243244" y="-178.123535">
   <element name="sword" layername="sword" frame="0" z_index="1" m_a="0.469946" m_b="0.000000" m_c="0.000000" m_d="0.538099" m_tx="2.443500" m_ty="-2.032060"/>
  </frame>
 </anim>
 <anim name="idle_90s" root="sword" numframes="1000" framerate="40">
  <frame idx="0" w="99" h="741" x="55.095078" y="-523.079346">
   <element name="sword" layername="sword" frame="0" z_index="1" m_a="-0.342664" m_b="-0.308644" m_c="0.300209" m_d="-0.333299" m_tx="120.352997" m_ty="-191.740997"/>
  </frame>
  <frame idx="25" w="99" h="741" x="55.095078" y="-523.079346">
   <element name="sword" layername="sword" frame="0" z_index="1" m_a="-0.342664" m_b="-0.308644" m_c="0.300209" m_d="-0.333299" m_tx="120.352997" m_ty="-191.740997"/>
  </frame>
  <frame idx="50" w="99" h="741" x="55.095078" y="-523.079346">
   <element name="sword" layername="sword" frame="0" z_index="1" m_a="-0.342664" m_b="-0.308644" m_c="0.300209" m_d="-0.333299" m_tx="120.352997" m_ty="-191.740997"/>
  </frame>
  <frame idx="75" w="99" h="741" x="55.095078" y="-523.079346">
   <element name="sword" layername="sword" frame="0" z_index="1" m_a="-0.342664" m_b="-0.308644" m_c="0.300209" m_d="-0.333299" m_tx="120.352997" m_ty="-191.740997"/>
  </frame>
  <frame idx="100" w="99" h="741" x="55.095078" y="-523.079346">
   <element name="sword" layername="sword" frame="0" z_index="1" m_a="-0.342664" m_b="-0.308644" m_c="0.300209" m_d="-0.333299" m_tx="120.352997" m_ty="-191.740997"/>
  </frame>
  <frame idx="125" w="99" h="741" x="55.095078" y="-523.079346">
   <element name="sword" layername="sword" frame="0" z_index="1" m_a="-0.342664" m_b="-0.308644" m_c="0.300209" m_d="-0.333299" m_tx="120.352997" m_ty="-191.740997"/>
  </frame>
  <frame idx="150" w="99" h="741" x="55.095078" y="-523.079346">
   <element name="sword" layername="sword" frame="0" z_index="1" m_a="-0.342664" m_b="-0.308644" m_c="0.300209" m_d="-0.333299" m_tx="120.352997" m_ty="-191.740997"/>
  </frame>
  <frame idx="175" w="99" h="741" x="55.095078" y="-523.079346">
   <element name="sword" layername="sword" frame="0" z_index="1" m_a="-0.342664" m_b="-0.308644" m_c="0.300209" m_d="-0.333299" m_tx="120.352997" m_ty="-191.740997"/>
  </frame>
  <frame idx="200" w="99" h="741" x="55.095078" y="-523.079346">
   <element name="sword" layername="sword" frame="0" z_index="1" m_a="-0.342664" m_b="-0.308644" m_c="0.300209" m_d="-0.333299" m_tx="120.352997" m_ty="-191.740997"/>
  </frame>
  <frame idx="225" w="99" h="741" x="55.095078" y="-523.079346">
   <element name="sword" layername="sword" frame="0" z_index="1" m_a="-0.342664" m_b="-0.308644" m_c="0.300209" m_d="-0.333299" m_tx="120.352997" m_ty="-191.740997"/>
  </frame>
  <frame idx="250" w="99" h="741" x="55.095078" y="-523.079346">
   <element name="sword" layername="sword" frame="0" z_index="1" m_a="-0.342664" m_b="-0.308644" m_c="0.300209" m_d="-0.333299" m_tx="120.352997" m_ty="-191.740997"/>
  </frame>
  <frame idx="275" w="99" h="741" x="55.095078" y="-523.079346">
   <element name="sword" layername="sword" frame="0" z_index="1" m_a="-0.342664" m_b="-0.308644" m_c="0.300209" m_d="-0.333299" m_tx="120.352997" m_ty="-191.740997"/>
  </frame>
  <frame idx="300" w="99" h="741" x="55.095078" y="-523.079346">
   <element name="sword" layername="sword" frame="0" z_index="1" m_a="-0.342664" m_b="-0.308644" m_c="0.300209" m_d="-0.333299" m_tx="120.352997" m_ty="-191.740997"/>
  </frame>
  <frame idx="325" w="99" h="741" x="55.095078" y="-523.079346">
   <element name="sword" layername="sword" frame="0" z_index="1" m_a="-0.342664" m_b="-0.308644" m_c="0.300209" m_d="-0.333299" m_tx="120.352997" m_ty="-191.740997"/>
  </frame>
  <frame idx="350" w="99" h="741" x="55.095078" y="-523.079346">
   <element name="sword" layername="sword" frame="0" z_index="1" m_a="-0.342664" m_b="-0.308644" m_c="0.300209" m_d="-0.333299" m_tx="120.352997" m_ty="-191.740997"/>
  </frame>
  <frame idx="375" w="99" h="741" x="55.095078" y="-523.079346">
   <element name="sword" layername="sword" frame="0" z_index="1" m_a="-0.342664" m_b="-0.308644" m_c="0.300209" m_d="-0.333299" m_tx="120.352997" m_ty="-191.740997"/>
  </frame>
  <frame idx="400" w="99" h="741" x="55.095078" y="-523.079346">
   <element name="sword" layername="sword" frame="0" z_index="1" m_a="-0.342664" m_b="-0.308644" m_c="0.300209" m_d="-0.333299" m_tx="120.352997" m_ty="-191.740997"/>
  </frame>
  <frame idx="425" w="99" h="741" x="55.095078" y="-523.079346">
   <element name="sword" layername="sword" frame="0" z_index="1" m_a="-0.342664" m_b="-0.308644" m_c="0.300209" m_d="-0.333299" m_tx="120.352997" m_ty="-191.740997"/>
  </frame>
  <frame idx="450" w="99" h="741" x="55.095078" y="-523.079346">
   <element name="sword" layername="sword" frame="0" z_index="1" m_a="-0.342664" m_b="-0.308644" m_c="0.300209" m_d="-0.333299" m_tx="120.352997" m_ty="-191.740997"/>
  </frame>
  <frame idx="475" w="99" h="741" x="55.095078" y="-523.079346">
   <element name="sword" layername="sword" frame="0" z_index="1" m_a="-0.342664" m_b="-0.308644" m_c="0.300209" m_d="-0.333299" m_tx="120.352997" m_ty="-191.740997"/>
  </frame>
  <frame idx="500" w="99" h="741" x="55.095078" y="-523.079346">
   <element name="sword" layername="sword" frame="0" z_index="1" m_a="-0.342664" m_b="-0.308644" m_c="0.300209" m_d="-0.333299" m_tx="120.352997" m_ty="-191.740997"/>
  </frame>
  <frame idx="525" w="99" h="741" x="55.095078" y="-523.079346">
   <element name="sword" layername="sword" frame="0" z_index="1" m_a="-0.342664" m_b="-0.308644" m_c="0.300209" m_d="-0.333299" m_tx="120.352997" m_ty="-191.740997"/>
  </frame>
  <frame idx="550" w="99" h="741" x="55.095078" y="-523.079346">
   <element name="sword" layername="sword" frame="0" z_index="1" m_a="-0.342664" m_b="-0.308644" m_c="0.300209" m_d="-0.333299" m_tx="120.352997" m_ty="-191.740997"/>
  </frame>
  <frame idx="575" w="99" h="741" x="55.095078" y="-523.079346">
   <element name="sword" layername="sword" frame="0" z_index="1" m_a="-0.342664" m_b="-0.308644" m_c="0.300209" m_d="-0.333299" m_tx="120.352997" m_ty="-191.740997"/>
  </frame>
  <frame idx="600" w="99" h="741" x="55.095078" y="-523.079346">
   <element name="sword" layername="sword" frame="0" z_index="1" m_a="-0.342664" m_b="-0.308644" m_c="0.300209" m_d="-0.333299" m_tx="120.352997" m_ty="-191.740997"/>
  </frame>
  <frame idx="625" w="99" h="741" x="55.095078" y="-523.079346">
   <element name="sword" layername="sword" frame="0" z_index="1" m_a="-0.342664" m_b="-0.308644" m_c="0.300209" m_d="-0.333299" m_tx="120.352997" m_ty="-191.740997"/>
  </frame>
  <frame idx="650" w="99" h="741" x="55.095078" y="-523.079346">
   <element name="sword" layername="sword" frame="0" z_index="1" m_a="-0.342664" m_b="-0.308644" m_c="0.300209" m_d="-0.333299" m_tx="120.352997" m_ty="-191.740997"/>
  </frame>
  <frame idx="675" w="99" h="741" x="55.095078" y="-523.079346">
   <element name="sword" layername="sword" frame="0" z_index="1" m_a="-0.342664" m_b="-0.308644" m_c="0.300209" m_d="-0.333299" m_tx="120.352997" m_ty="-191.740997"/>
  </frame>
  <frame idx="700" w="99" h="741" x="55.095078" y="-523.079346">
   <element name="sword" layername="sword" frame="0" z_index="1" m_a="-0.342664" m_b="-0.308644" m_c="0.300209" m_d="-0.333299" m_tx="120.352997" m_ty="-191.740997"/>
  </frame>
  <frame idx="725" w="99" h="741" x="55.095078" y="-523.079346">
   <element name="sword" layername="sword" frame="0" z_index="1" m_a="-0.342664" m_b="-0.308644" m_c="0.300209" m_d="-0.333299" m_tx="120.352997" m_ty="-191.740997"/>
  </frame>
  <frame idx="750" w="99" h="741" x="55.095078" y="-523.079346">
   <element name="sword" layername="sword" frame="0" z_index="1" m_a="-0.342664" m_b="-0.308644" m_c="0.300209" m_d="-0.333299" m_tx="120.352997" m_ty="-191.740997"/>
  </frame>
  <frame idx="775" w="99" h="741" x="55.095078" y="-523.079346">
   <element name="sword" layername="sword" frame="0" z_index="1" m_a="-0.342664" m_b="-0.308644" m_c="0.300209" m_d="-0.333299" m_tx="120.352997" m_ty="-191.740997"/>
  </frame>
  <frame idx="800" w="99" h="741" x="55.095078" y="-523.079346">
   <element name="sword" layername="sword" frame="0" z_index="1" m_a="-0.342664" m_b="-0.308644" m_c="0.300209" m_d="-0.333299" m_tx="120.352997" m_ty="-191.740997"/>
  </frame>
  <frame idx="825" w="99" h="741" x="55.095078" y="-523.079346">
   <element name="sword" layername="sword" frame="0" z_index="1" m_a="-0.342664" m_b="-0.308644" m_c="0.300209" m_d="-0.333299" m_tx="120.352997" m_ty="-191.740997"/>
  </frame>
  <frame idx="850" w="99" h="741" x="55.095078" y="-523.079346">
   <element name="sword" layername="sword" frame="0" z_index="1" m_a="-0.342664" m_b="-0.308644" m_c="0.300209" m_d="-0.333299" m_tx="120.352997" m_ty="-191.740997"/>
  </frame>
  <frame idx="875" w="99" h="741" x="55.095078" y="-523.079346">
   <element name="sword" layername="sword" frame="0" z_index="1" m_a="-0.342664" m_b="-0.308644" m_c="0.300209" m_d="-0.333299" m_tx="120.352997" m_ty="-191.740997"/>
  </frame>
  <frame idx="900" w="99" h="741" x="55.095078" y="-523.079346">
   <element name="sword" layername="sword" frame="0" z_index="1" m_a="-0.342664" m_b="-0.308644" m_c="0.300209" m_d="-0.333299" m_tx="120.352997" m_ty="-191.740997"/>
  </frame>
  <frame idx="925" w="99" h="741" x="55.095078" y="-523.079346">
   <element name="sword" layername="sword" frame="0" z_index="1" m_a="-0.342664" m_b="-0.308644" m_c="0.300209" m_d="-0.333299" m_tx="120.352997" m_ty="-191.740997"/>
  </frame>
  <frame idx="950" w="99" h="741" x="55.095078" y="-523.079346">
   <element name="sword" layername="sword" frame="0" z_index="1" m_a="-0.342664" m_b="-0.308644" m_c="0.300209" m_d="-0.333299" m_tx="120.352997" m_ty="-191.740997"/>
  </frame>
  <frame idx="975" w="99" h="741" x="55.095078" y="-523.079346">
   <element name="sword" layername="sword" frame="0" z_index="1" m_a="-0.342664" m_b="-0.308644" m_c="0.300209" m_d="-0.333299" m_tx="120.352997" m_ty="-191.740997"/>
  </frame>
 </anim>
</Anims>
