<Anims>
 <anim name="idle" root="sword" numframes="1000" framerate="40">
  <frame idx="0" w="44" h="116" x="85.504272" y="-165.047348">
   <element name="sword" layername="timeline_0" frame="0" z_index="2" m_a="-0.342664" m_b="-0.308644" m_c="0.300209" m_d="-0.333299" m_tx="120.352890" m_ty="-191.740631"/>
  </frame>
  <frame idx="25" w="44" h="116" x="85.504272" y="-165.047348">
   <element name="sword" layername="timeline_0" frame="0" z_index="2" m_a="-0.342664" m_b="-0.308644" m_c="0.300209" m_d="-0.333299" m_tx="120.352890" m_ty="-191.740631"/>
  </frame>
  <frame idx="50" w="44" h="116" x="85.504272" y="-165.047348">
   <element name="sword" layername="timeline_0" frame="0" z_index="2" m_a="-0.342664" m_b="-0.308644" m_c="0.300209" m_d="-0.333299" m_tx="120.352890" m_ty="-191.740631"/>
  </frame>
  <frame idx="75" w="44" h="116" x="85.504272" y="-165.047348">
   <element name="sword" layername="timeline_0" frame="0" z_index="2" m_a="-0.342664" m_b="-0.308644" m_c="0.300209" m_d="-0.333299" m_tx="120.352890" m_ty="-191.740631"/>
  </frame>
  <frame idx="100" w="44" h="116" x="85.504272" y="-165.047348">
   <element name="sword" layername="timeline_0" frame="0" z_index="2" m_a="-0.342664" m_b="-0.308644" m_c="0.300209" m_d="-0.333299" m_tx="120.352890" m_ty="-191.740631"/>
  </frame>
  <frame idx="125" w="44" h="116" x="85.504272" y="-165.047348">
   <element name="sword" layername="timeline_0" frame="0" z_index="2" m_a="-0.342664" m_b="-0.308644" m_c="0.300209" m_d="-0.333299" m_tx="120.352890" m_ty="-191.740631"/>
  </frame>
  <frame idx="150" w="44" h="116" x="85.504272" y="-165.047348">
   <element name="sword" layername="timeline_0" frame="0" z_index="2" m_a="-0.342664" m_b="-0.308644" m_c="0.300209" m_d="-0.333299" m_tx="120.352890" m_ty="-191.740631"/>
  </frame>
  <frame idx="175" w="44" h="116" x="85.504272" y="-165.047348">
   <element name="sword" layername="timeline_0" frame="0" z_index="2" m_a="-0.342664" m_b="-0.308644" m_c="0.300209" m_d="-0.333299" m_tx="120.352890" m_ty="-191.740631"/>
  </frame>
  <frame idx="200" w="44" h="116" x="85.504272" y="-165.047348">
   <element name="sword" layername="timeline_0" frame="0" z_index="2" m_a="-0.342664" m_b="-0.308644" m_c="0.300209" m_d="-0.333299" m_tx="120.352890" m_ty="-191.740631"/>
  </frame>
  <frame idx="225" w="44" h="116" x="85.504272" y="-165.047348">
   <element name="sword" layername="timeline_0" frame="0" z_index="2" m_a="-0.342664" m_b="-0.308644" m_c="0.300209" m_d="-0.333299" m_tx="120.352890" m_ty="-191.740631"/>
  </frame>
  <frame idx="250" w="44" h="116" x="85.504272" y="-165.047348">
   <element name="sword" layername="timeline_0" frame="0" z_index="2" m_a="-0.342664" m_b="-0.308644" m_c="0.300209" m_d="-0.333299" m_tx="120.352890" m_ty="-191.740631"/>
  </frame>
  <frame idx="275" w="44" h="116" x="85.504272" y="-165.047348">
   <element name="sword" layername="timeline_0" frame="0" z_index="2" m_a="-0.342664" m_b="-0.308644" m_c="0.300209" m_d="-0.333299" m_tx="120.352890" m_ty="-191.740631"/>
  </frame>
  <frame idx="300" w="44" h="116" x="85.504272" y="-165.047348">
   <element name="sword" layername="timeline_0" frame="0" z_index="2" m_a="-0.342664" m_b="-0.308644" m_c="0.300209" m_d="-0.333299" m_tx="120.352890" m_ty="-191.740631"/>
  </frame>
  <frame idx="325" w="44" h="116" x="85.504272" y="-165.047348">
   <element name="sword" layername="timeline_0" frame="0" z_index="2" m_a="-0.342664" m_b="-0.308644" m_c="0.300209" m_d="-0.333299" m_tx="120.352890" m_ty="-191.740631"/>
  </frame>
  <frame idx="350" w="44" h="116" x="85.504272" y="-165.047348">
   <element name="sword" layername="timeline_0" frame="0" z_index="2" m_a="-0.342664" m_b="-0.308644" m_c="0.300209" m_d="-0.333299" m_tx="120.352890" m_ty="-191.740631"/>
  </frame>
  <frame idx="375" w="44" h="116" x="85.504272" y="-165.047348">
   <element name="sword" layername="timeline_0" frame="0" z_index="2" m_a="-0.342664" m_b="-0.308644" m_c="0.300209" m_d="-0.333299" m_tx="120.352890" m_ty="-191.740631"/>
  </frame>
  <frame idx="400" w="44" h="116" x="85.504272" y="-165.047348">
   <element name="sword" layername="timeline_0" frame="0" z_index="2" m_a="-0.342664" m_b="-0.308644" m_c="0.300209" m_d="-0.333299" m_tx="120.352890" m_ty="-191.740631"/>
  </frame>
  <frame idx="425" w="44" h="116" x="85.504272" y="-165.047348">
   <element name="sword" layername="timeline_0" frame="0" z_index="2" m_a="-0.342664" m_b="-0.308644" m_c="0.300209" m_d="-0.333299" m_tx="120.352890" m_ty="-191.740631"/>
  </frame>
  <frame idx="450" w="44" h="116" x="85.504272" y="-165.047348">
   <element name="sword" layername="timeline_0" frame="0" z_index="2" m_a="-0.342664" m_b="-0.308644" m_c="0.300209" m_d="-0.333299" m_tx="120.352890" m_ty="-191.740631"/>
  </frame>
  <frame idx="475" w="44" h="116" x="85.504272" y="-165.047348">
   <element name="sword" layername="timeline_0" frame="0" z_index="2" m_a="-0.342664" m_b="-0.308644" m_c="0.300209" m_d="-0.333299" m_tx="120.352890" m_ty="-191.740631"/>
  </frame>
  <frame idx="500" w="44" h="116" x="85.504272" y="-165.047348">
   <element name="sword" layername="timeline_0" frame="0" z_index="2" m_a="-0.342664" m_b="-0.308644" m_c="0.300209" m_d="-0.333299" m_tx="120.352890" m_ty="-191.740631"/>
  </frame>
  <frame idx="525" w="44" h="116" x="85.504272" y="-165.047348">
   <element name="sword" layername="timeline_0" frame="0" z_index="2" m_a="-0.342664" m_b="-0.308644" m_c="0.300209" m_d="-0.333299" m_tx="120.352890" m_ty="-191.740631"/>
  </frame>
  <frame idx="550" w="44" h="116" x="85.504272" y="-165.047348">
   <element name="sword" layername="timeline_0" frame="0" z_index="2" m_a="-0.342664" m_b="-0.308644" m_c="0.300209" m_d="-0.333299" m_tx="120.352890" m_ty="-191.740631"/>
  </frame>
  <frame idx="575" w="44" h="116" x="85.504272" y="-165.047348">
   <element name="sword" layername="timeline_0" frame="0" z_index="2" m_a="-0.342664" m_b="-0.308644" m_c="0.300209" m_d="-0.333299" m_tx="120.352890" m_ty="-191.740631"/>
  </frame>
  <frame idx="600" w="44" h="116" x="85.504272" y="-165.047348">
   <element name="sword" layername="timeline_0" frame="0" z_index="2" m_a="-0.342664" m_b="-0.308644" m_c="0.300209" m_d="-0.333299" m_tx="120.352890" m_ty="-191.740631"/>
  </frame>
  <frame idx="625" w="44" h="116" x="85.504272" y="-165.047348">
   <element name="sword" layername="timeline_0" frame="0" z_index="2" m_a="-0.342664" m_b="-0.308644" m_c="0.300209" m_d="-0.333299" m_tx="120.352890" m_ty="-191.740631"/>
  </frame>
  <frame idx="650" w="44" h="116" x="85.504272" y="-165.047348">
   <element name="sword" layername="timeline_0" frame="0" z_index="2" m_a="-0.342664" m_b="-0.308644" m_c="0.300209" m_d="-0.333299" m_tx="120.352890" m_ty="-191.740631"/>
  </frame>
  <frame idx="675" w="44" h="116" x="85.504272" y="-165.047348">
   <element name="sword" layername="timeline_0" frame="0" z_index="2" m_a="-0.342664" m_b="-0.308644" m_c="0.300209" m_d="-0.333299" m_tx="120.352890" m_ty="-191.740631"/>
  </frame>
  <frame idx="700" w="44" h="116" x="85.504272" y="-165.047348">
   <element name="sword" layername="timeline_0" frame="0" z_index="2" m_a="-0.342664" m_b="-0.308644" m_c="0.300209" m_d="-0.333299" m_tx="120.352890" m_ty="-191.740631"/>
  </frame>
  <frame idx="725" w="44" h="116" x="85.504272" y="-165.047348">
   <element name="sword" layername="timeline_0" frame="0" z_index="2" m_a="-0.342664" m_b="-0.308644" m_c="0.300209" m_d="-0.333299" m_tx="120.352890" m_ty="-191.740631"/>
  </frame>
  <frame idx="750" w="44" h="116" x="85.504272" y="-165.047348">
   <element name="sword" layername="timeline_0" frame="0" z_index="2" m_a="-0.342664" m_b="-0.308644" m_c="0.300209" m_d="-0.333299" m_tx="120.352890" m_ty="-191.740631"/>
  </frame>
  <frame idx="775" w="44" h="116" x="85.504272" y="-165.047348">
   <element name="sword" layername="timeline_0" frame="0" z_index="2" m_a="-0.342664" m_b="-0.308644" m_c="0.300209" m_d="-0.333299" m_tx="120.352890" m_ty="-191.740631"/>
  </frame>
  <frame idx="800" w="44" h="116" x="85.504272" y="-165.047348">
   <element name="sword" layername="timeline_0" frame="0" z_index="2" m_a="-0.342664" m_b="-0.308644" m_c="0.300209" m_d="-0.333299" m_tx="120.352890" m_ty="-191.740631"/>
  </frame>
  <frame idx="825" w="44" h="116" x="85.504272" y="-165.047348">
   <element name="sword" layername="timeline_0" frame="0" z_index="2" m_a="-0.342664" m_b="-0.308644" m_c="0.300209" m_d="-0.333299" m_tx="120.352890" m_ty="-191.740631"/>
  </frame>
  <frame idx="850" w="44" h="116" x="85.504272" y="-165.047348">
   <element name="sword" layername="timeline_0" frame="0" z_index="2" m_a="-0.342664" m_b="-0.308644" m_c="0.300209" m_d="-0.333299" m_tx="120.352890" m_ty="-191.740631"/>
  </frame>
  <frame idx="875" w="44" h="116" x="85.504272" y="-165.047348">
   <element name="sword" layername="timeline_0" frame="0" z_index="2" m_a="-0.342664" m_b="-0.308644" m_c="0.300209" m_d="-0.333299" m_tx="120.352890" m_ty="-191.740631"/>
  </frame>
  <frame idx="900" w="44" h="116" x="85.504272" y="-165.047348">
   <element name="sword" layername="timeline_0" frame="0" z_index="2" m_a="-0.342664" m_b="-0.308644" m_c="0.300209" m_d="-0.333299" m_tx="120.352890" m_ty="-191.740631"/>
  </frame>
  <frame idx="925" w="44" h="116" x="85.504272" y="-165.047348">
   <element name="sword" layername="timeline_0" frame="0" z_index="2" m_a="-0.342664" m_b="-0.308644" m_c="0.300209" m_d="-0.333299" m_tx="120.352890" m_ty="-191.740631"/>
  </frame>
  <frame idx="950" w="44" h="116" x="85.504272" y="-165.047348">
   <element name="sword" layername="timeline_0" frame="0" z_index="2" m_a="-0.342664" m_b="-0.308644" m_c="0.300209" m_d="-0.333299" m_tx="120.352890" m_ty="-191.740631"/>
  </frame>
  <frame idx="975" w="44" h="116" x="85.504272" y="-165.047348">
   <element name="sword" layername="timeline_0" frame="0" z_index="2" m_a="-0.342664" m_b="-0.308644" m_c="0.300209" m_d="-0.333299" m_tx="120.352890" m_ty="-191.740631"/>
  </frame>
 </anim>
 <anim name="BUILD" root="sword" numframes="1000" framerate="40">
  <frame idx="0" w="90" h="267" x="-6.723606" y="-82.004425">
   <element name="sword" layername="timeline_0" frame="0" z_index="2" m_a="0.469946" m_b="0.000000" m_c="0.000000" m_d="0.538099" m_tx="2.443503" m_ty="-2.032065"/>
  </frame>
  <frame idx="25" w="90" h="267" x="-6.723606" y="-82.004425">
   <element name="sword" layername="timeline_0" frame="0" z_index="2" m_a="0.469946" m_b="0.000000" m_c="0.000000" m_d="0.538099" m_tx="2.443503" m_ty="-2.032065"/>
  </frame>
  <frame idx="50" w="90" h="267" x="-6.723606" y="-82.004425">
   <element name="sword" layername="timeline_0" frame="0" z_index="2" m_a="0.469946" m_b="0.000000" m_c="0.000000" m_d="0.538099" m_tx="2.443503" m_ty="-2.032065"/>
  </frame>
  <frame idx="75" w="90" h="267" x="-6.723606" y="-82.004425">
   <element name="sword" layername="timeline_0" frame="0" z_index="2" m_a="0.469946" m_b="0.000000" m_c="0.000000" m_d="0.538099" m_tx="2.443503" m_ty="-2.032065"/>
  </frame>
  <frame idx="100" w="90" h="267" x="-6.723606" y="-82.004425">
   <element name="sword" layername="timeline_0" frame="0" z_index="2" m_a="0.469946" m_b="0.000000" m_c="0.000000" m_d="0.538099" m_tx="2.443503" m_ty="-2.032065"/>
  </frame>
  <frame idx="125" w="90" h="267" x="-6.723606" y="-82.004425">
   <element name="sword" layername="timeline_0" frame="0" z_index="2" m_a="0.469946" m_b="0.000000" m_c="0.000000" m_d="0.538099" m_tx="2.443503" m_ty="-2.032065"/>
  </frame>
  <frame idx="150" w="90" h="267" x="-6.723606" y="-82.004425">
   <element name="sword" layername="timeline_0" frame="0" z_index="2" m_a="0.469946" m_b="0.000000" m_c="0.000000" m_d="0.538099" m_tx="2.443503" m_ty="-2.032065"/>
  </frame>
  <frame idx="175" w="90" h="267" x="-6.723606" y="-82.004425">
   <element name="sword" layername="timeline_0" frame="0" z_index="2" m_a="0.469946" m_b="0.000000" m_c="0.000000" m_d="0.538099" m_tx="2.443503" m_ty="-2.032065"/>
  </frame>
  <frame idx="200" w="90" h="267" x="-6.723606" y="-82.004425">
   <element name="sword" layername="timeline_0" frame="0" z_index="2" m_a="0.469946" m_b="0.000000" m_c="0.000000" m_d="0.538099" m_tx="2.443503" m_ty="-2.032065"/>
  </frame>
  <frame idx="225" w="90" h="267" x="-6.723606" y="-82.004425">
   <element name="sword" layername="timeline_0" frame="0" z_index="2" m_a="0.469946" m_b="0.000000" m_c="0.000000" m_d="0.538099" m_tx="2.443503" m_ty="-2.032065"/>
  </frame>
  <frame idx="250" w="90" h="267" x="-6.723606" y="-82.004425">
   <element name="sword" layername="timeline_0" frame="0" z_index="2" m_a="0.469946" m_b="0.000000" m_c="0.000000" m_d="0.538099" m_tx="2.443503" m_ty="-2.032065"/>
  </frame>
  <frame idx="275" w="90" h="267" x="-6.723606" y="-82.004425">
   <element name="sword" layername="timeline_0" frame="0" z_index="2" m_a="0.469946" m_b="0.000000" m_c="0.000000" m_d="0.538099" m_tx="2.443503" m_ty="-2.032065"/>
  </frame>
  <frame idx="300" w="90" h="267" x="-6.723606" y="-82.004425">
   <element name="sword" layername="timeline_0" frame="0" z_index="2" m_a="0.469946" m_b="0.000000" m_c="0.000000" m_d="0.538099" m_tx="2.443503" m_ty="-2.032065"/>
  </frame>
  <frame idx="325" w="90" h="267" x="-6.723606" y="-82.004425">
   <element name="sword" layername="timeline_0" frame="0" z_index="2" m_a="0.469946" m_b="0.000000" m_c="0.000000" m_d="0.538099" m_tx="2.443503" m_ty="-2.032065"/>
  </frame>
  <frame idx="350" w="90" h="267" x="-6.723606" y="-82.004425">
   <element name="sword" layername="timeline_0" frame="0" z_index="2" m_a="0.469946" m_b="0.000000" m_c="0.000000" m_d="0.538099" m_tx="2.443503" m_ty="-2.032065"/>
  </frame>
  <frame idx="375" w="90" h="267" x="-6.723606" y="-82.004425">
   <element name="sword" layername="timeline_0" frame="0" z_index="2" m_a="0.469946" m_b="0.000000" m_c="0.000000" m_d="0.538099" m_tx="2.443503" m_ty="-2.032065"/>
  </frame>
  <frame idx="400" w="90" h="267" x="-6.723606" y="-82.004425">
   <element name="sword" layername="timeline_0" frame="0" z_index="2" m_a="0.469946" m_b="0.000000" m_c="0.000000" m_d="0.538099" m_tx="2.443503" m_ty="-2.032065"/>
  </frame>
  <frame idx="425" w="90" h="267" x="-6.723606" y="-82.004425">
   <element name="sword" layername="timeline_0" frame="0" z_index="2" m_a="0.469946" m_b="0.000000" m_c="0.000000" m_d="0.538099" m_tx="2.443503" m_ty="-2.032065"/>
  </frame>
  <frame idx="450" w="90" h="267" x="-6.723606" y="-82.004425">
   <element name="sword" layername="timeline_0" frame="0" z_index="2" m_a="0.469946" m_b="0.000000" m_c="0.000000" m_d="0.538099" m_tx="2.443503" m_ty="-2.032065"/>
  </frame>
  <frame idx="475" w="90" h="267" x="-6.723606" y="-82.004425">
   <element name="sword" layername="timeline_0" frame="0" z_index="2" m_a="0.469946" m_b="0.000000" m_c="0.000000" m_d="0.538099" m_tx="2.443503" m_ty="-2.032065"/>
  </frame>
  <frame idx="500" w="90" h="267" x="-6.723606" y="-82.004425">
   <element name="sword" layername="timeline_0" frame="0" z_index="2" m_a="0.469946" m_b="0.000000" m_c="0.000000" m_d="0.538099" m_tx="2.443503" m_ty="-2.032065"/>
  </frame>
  <frame idx="525" w="90" h="267" x="-6.723606" y="-82.004425">
   <element name="sword" layername="timeline_0" frame="0" z_index="2" m_a="0.469946" m_b="0.000000" m_c="0.000000" m_d="0.538099" m_tx="2.443503" m_ty="-2.032065"/>
  </frame>
  <frame idx="550" w="90" h="267" x="-6.723606" y="-82.004425">
   <element name="sword" layername="timeline_0" frame="0" z_index="2" m_a="0.469946" m_b="0.000000" m_c="0.000000" m_d="0.538099" m_tx="2.443503" m_ty="-2.032065"/>
  </frame>
  <frame idx="575" w="90" h="267" x="-6.723606" y="-82.004425">
   <element name="sword" layername="timeline_0" frame="0" z_index="2" m_a="0.469946" m_b="0.000000" m_c="0.000000" m_d="0.538099" m_tx="2.443503" m_ty="-2.032065"/>
  </frame>
  <frame idx="600" w="90" h="267" x="-6.723606" y="-82.004425">
   <element name="sword" layername="timeline_0" frame="0" z_index="2" m_a="0.469946" m_b="0.000000" m_c="0.000000" m_d="0.538099" m_tx="2.443503" m_ty="-2.032065"/>
  </frame>
  <frame idx="625" w="90" h="267" x="-6.723606" y="-82.004425">
   <element name="sword" layername="timeline_0" frame="0" z_index="2" m_a="0.469946" m_b="0.000000" m_c="0.000000" m_d="0.538099" m_tx="2.443503" m_ty="-2.032065"/>
  </frame>
  <frame idx="650" w="90" h="267" x="-6.723606" y="-82.004425">
   <element name="sword" layername="timeline_0" frame="0" z_index="2" m_a="0.469946" m_b="0.000000" m_c="0.000000" m_d="0.538099" m_tx="2.443503" m_ty="-2.032065"/>
  </frame>
  <frame idx="675" w="90" h="267" x="-6.723606" y="-82.004425">
   <element name="sword" layername="timeline_0" frame="0" z_index="2" m_a="0.469946" m_b="0.000000" m_c="0.000000" m_d="0.538099" m_tx="2.443503" m_ty="-2.032065"/>
  </frame>
  <frame idx="700" w="90" h="267" x="-6.723606" y="-82.004425">
   <element name="sword" layername="timeline_0" frame="0" z_index="2" m_a="0.469946" m_b="0.000000" m_c="0.000000" m_d="0.538099" m_tx="2.443503" m_ty="-2.032065"/>
  </frame>
  <frame idx="725" w="90" h="267" x="-6.723606" y="-82.004425">
   <element name="sword" layername="timeline_0" frame="0" z_index="2" m_a="0.469946" m_b="0.000000" m_c="0.000000" m_d="0.538099" m_tx="2.443503" m_ty="-2.032065"/>
  </frame>
  <frame idx="750" w="90" h="267" x="-6.723606" y="-82.004425">
   <element name="sword" layername="timeline_0" frame="0" z_index="2" m_a="0.469946" m_b="0.000000" m_c="0.000000" m_d="0.538099" m_tx="2.443503" m_ty="-2.032065"/>
  </frame>
  <frame idx="775" w="90" h="267" x="-6.723606" y="-82.004425">
   <element name="sword" layername="timeline_0" frame="0" z_index="2" m_a="0.469946" m_b="0.000000" m_c="0.000000" m_d="0.538099" m_tx="2.443503" m_ty="-2.032065"/>
  </frame>
  <frame idx="800" w="90" h="267" x="-6.723606" y="-82.004425">
   <element name="sword" layername="timeline_0" frame="0" z_index="2" m_a="0.469946" m_b="0.000000" m_c="0.000000" m_d="0.538099" m_tx="2.443503" m_ty="-2.032065"/>
  </frame>
  <frame idx="825" w="90" h="267" x="-6.723606" y="-82.004425">
   <element name="sword" layername="timeline_0" frame="0" z_index="2" m_a="0.469946" m_b="0.000000" m_c="0.000000" m_d="0.538099" m_tx="2.443503" m_ty="-2.032065"/>
  </frame>
  <frame idx="850" w="90" h="267" x="-6.723606" y="-82.004425">
   <element name="sword" layername="timeline_0" frame="0" z_index="2" m_a="0.469946" m_b="0.000000" m_c="0.000000" m_d="0.538099" m_tx="2.443503" m_ty="-2.032065"/>
  </frame>
  <frame idx="875" w="90" h="267" x="-6.723606" y="-82.004425">
   <element name="sword" layername="timeline_0" frame="0" z_index="2" m_a="0.469946" m_b="0.000000" m_c="0.000000" m_d="0.538099" m_tx="2.443503" m_ty="-2.032065"/>
  </frame>
  <frame idx="900" w="90" h="267" x="-6.723606" y="-82.004425">
   <element name="sword" layername="timeline_0" frame="0" z_index="2" m_a="0.469946" m_b="0.000000" m_c="0.000000" m_d="0.538099" m_tx="2.443503" m_ty="-2.032065"/>
  </frame>
  <frame idx="925" w="90" h="267" x="-6.723606" y="-82.004425">
   <element name="sword" layername="timeline_0" frame="0" z_index="2" m_a="0.469946" m_b="0.000000" m_c="0.000000" m_d="0.538099" m_tx="2.443503" m_ty="-2.032065"/>
  </frame>
  <frame idx="950" w="90" h="267" x="-6.723606" y="-82.004425">
   <element name="sword" layername="timeline_0" frame="0" z_index="2" m_a="0.469946" m_b="0.000000" m_c="0.000000" m_d="0.538099" m_tx="2.443503" m_ty="-2.032065"/>
  </frame>
  <frame idx="975" w="90" h="267" x="-6.723606" y="-82.004425">
   <element name="sword" layername="timeline_0" frame="0" z_index="2" m_a="0.469946" m_b="0.000000" m_c="0.000000" m_d="0.538099" m_tx="2.443503" m_ty="-2.032065"/>
  </frame>
 </anim>
</Anims>
